[
  {
    "id": "2025-0001",
    "slug": "toyonnaka-dog-2ldk-80k",
    "deal_type": "rent",
    "status": "available",
    "title": "豊中・小型犬1匹向き・駅近2LDKマンション",
    "summary": "千里中央駅徒歩10分、共働き夫婦＋小型犬1匹が暮らしやすい2LDKです。",
    "city": "豊中市",
    "area_label": "豊中市・千里中央エリア",
    "nearest_station": "千里中央駅",
    "station_line": "北大阪急行",
    "station_walk_minutes": 10,
    "pet_tags": ["小型犬OK", "猫2匹まで", "多頭相談可"],
    "rent": 80000,
    "management_fee": 5000,
    "floor_plan": "2LDK",
    "exclusive_area_sqm": 55.2,
    "built_year": 2005,
    "image": "/assets/images/listings/2025-0001/01.jpg"
  },
  {
    "id": "2025-0002",
    "slug": "minoh-cat-1ldk-65k",
    "deal_type": "rent",
    "status": "available",
    "title": "箕面・猫1〜2匹向き・静かな1LDK",
    "summary": "静かな住宅街にある1LDK。猫とゆっくり暮らしたい方向けのお部屋です。",
    "city": "箕面市",
    "area_label": "箕面市・萱野エリア",
    "nearest_station": "箕面萱野駅",
    "station_line": "北大阪急行",
    "station_walk_minutes": 13,
    "pet_tags": ["猫2匹まで", "小型犬相談"],
    "rent": 65000,
    "management_fee": 3000,
    "floor_plan": "1LDK",
    "exclusive_area_sqm": 40.0,
    "built_year": 2015,
    "image": "/assets/images/listings/2025-0002/01.jpg"
  }
]
